,baseline,pseudo,improvement
baseline,1.0,0.7509637029214544,0.701645027517101
pseudo,0.7509637029214544,1.0,0.7085062378243256
improvement,0.701645027517101,0.7085062378243256,1.0
