,baseline,pseudo,improvement
baseline,1.0,0.35984231976649306,0.006605089204558835
pseudo,0.35984231976649306,1.0,0.016910269941936975
improvement,0.006605089204558835,0.016910269941936975,1.0
