,baseline,pseudo,improvement
baseline,1.0,0.4736017749933811,0.4736017749933811
pseudo,0.4736017749933811,1.0,0.9649127717536834
improvement,0.4736017749933811,0.9649127717536834,1.0
