,baseline,pseudo,improvement
baseline,1.0,0.93432249499384,0.47882341492360436
pseudo,0.93432249499384,1.0,0.93432249499384
improvement,0.47882341492360436,0.93432249499384,1.0
