,baseline,pseudo,improvement
baseline,1.0,0.8611823330515888,0.309547189478742
pseudo,0.8611823330515888,1.0,0.309547189478742
improvement,0.309547189478742,0.309547189478742,1.0
